name,email,phone_number
Selle Conford,sconford0@mit.edu,
Cathee Jancey,cjancey1@baidu.com,429-514-7838
Noella Ableson,,
Aron Decker,,544-771-9227
Inness Gouinlock,igouinlock4@jiathis.com,815-251-5362
Ramsey Murrum,rmurrum5@dropbox.com,592-937-6890
Ted Dugan,,895-632-7833
Lindsay McAuliffe,lmcauliffe7@cocolog-nifty.com,
Norry Issacov,nissacov8@arizona.edu,741-502-5445
Roderick Macenzy,rmacenzy9@yale.edu,511-953-7568
Ulysses Barefoot,ubarefoota@shinystat.com,459-611-4521
Salomo Bonallack,sbonallackb@jalbum.net,645-925-1361
Brose Avrahamy,bavrahamyc@hp.com,969-735-1189
Rodrique Kington,rkingtond@technorati.com,
Dara Nurny,dnurnye@digg.com,450-359-8410
Kittie Dinneen,kdinneenf@jigsy.com,710-130-5265
Daron Cromly,,373-531-1283
Kip Brandreth,kbrandrethh@examiner.com,
Lezley Tabbernor,ltabbernori@ameblo.jp,192-353-6169
Maris Turvie,mturviej@usatoday.com,
Hynda Veryan,hveryank@google.co.jp,
Mariana Bordis,,864-420-0569
Emanuel Leivesley,eleivesleym@alibaba.com,416-992-7368
Florri Kovalski,,255-577-5279
Cherry Cardenoza,,318-140-7262
Pascale Trase,ptrasep@mac.com,901-638-5608
Floyd Lohde,,869-444-6359
Dannie Reynoldson,dreynoldsonr@altervista.org,108-792-8981
Ann-marie Bowskill,abowskills@time.com,412-840-5846
Cora Ascough,cascought@bloglines.com,615-817-4294
Sylvia Murdy,smurdyu@sbwire.com,780-861-9513
Andra Cobon,,
Harbert Livsey,hlivseyw@shop-pro.jp,134-253-2135
Rheba Tinn,,810-245-8901
Dell Haime,,807-305-0274
Elayne Toby,etobyz@vkontakte.ru,462-349-8553
Vidovic Joret,vjoret10@topsy.com,397-536-8983
Kirk Hacon,,333-357-1244
Merrill Gurling,mgurling12@pbs.org,849-762-5743
Kerk Sherlock,ksherlock13@gnu.org,643-118-3149
Griswold Minkin,gminkin14@addthis.com,
Zerk Cage,zcage15@google.pl,441-767-8767
Abie Leadley,aleadley16@qq.com,162-211-9710
Cyrillus Ramiro,,403-656-2499
Tonie Sappson,,
Hastings Crenage,hcrenage19@businesswire.com,
Lucretia Marlor,lmarlor1a@newyorker.com,871-211-4165
Innis Stellino,istellino1b@artisteer.com,816-117-5779
Preston Latty,platty1c@w3.org,207-144-5976
Maureene Pendrill,mpendrill1d@harvard.edu,604-374-0376
Efren Duggan,eduggan1e@360.cn,920-332-9670
Pete Halford,,205-121-5952
Alastair Lynds,,559-872-6899
Dionne Seller,dseller1h@mit.edu,
Jocelin Zecchi,jzecchi1i@elpais.com,598-919-1305
Odelle Greder,ogreder1j@nature.com,
Shanda Hulstrom,shulstrom1k@mail.ru,684-710-8624
Hastie Arnason,harnason1l@craigslist.org,324-250-4518
Brien Giacobilio,bgiacobilio1m@chicagotribune.com,
Christos Lemerle,clemerle1n@istockphoto.com,119-830-6640
Killian Wyne,kwyne1o@cdbaby.com,584-241-2535
Lilith Dottridge,ldottridge1p@ed.gov,
Gwenneth Oakeshott,goakeshott1q@illinois.edu,219-125-9759
Roseanna De Beneditti,,961-297-2852
Norean Lalevee,nlalevee1s@washingtonpost.com,
Imogen Oxford,ioxford1t@tripadvisor.com,102-670-1697
Marcia Barendtsen,mbarendtsen1u@chron.com,
Phylis Tipens,,203-404-6446
Ceciley Raphael,,632-792-4241
Pris Blant,,159-839-9031
Jannel Myhan,,
Pall Skirvane,pskirvane1z@usa.gov,145-846-0806
Konstantin Matelyunas,kmatelyunas20@rakuten.co.jp,783-766-1145
Marketa Huxster,,
Barnett Kimblen,,825-374-5058
Merrie Ballsdon,mballsdon23@sun.com,
Hallsy Laycock,hlaycock24@alexa.com,
King Paur,,
Forest Huskinson,fhuskinson26@cnn.com,218-268-9817
Reinald Columbine,rcolumbine27@apple.com,605-772-6285
Marti Malster,mmalster28@ft.com,132-754-0327
Biron Yitzovitz,byitzovitz29@yellowpages.com,716-196-8977
Karlen Kordas,,
Deeann Lamcken,dlamcken2b@psu.edu,304-969-8968
Jimmie Carryer,jcarryer2c@cam.ac.uk,607-240-0098
Benetta Andriuzzi,bandriuzzi2d@macromedia.com,
Ermin Windross,ewindross2e@live.com,755-301-1243
Cordula Flowerdew,cflowerdew2f@wikimedia.org,
Hatti Chataignier,hchataignier2g@joomla.org,494-964-1101
Oneida Ditch,oditch2h@cloudflare.com,
Danielle Terren,dterren2i@answers.com,336-199-0141
Nelly Finnie,nfinnie2j@sourceforge.net,602-805-3292
Dominique Jaan,djaan2k@squarespace.com,622-960-1590
Marrissa Airy,mairy2l@etsy.com,402-145-9702
Otes Manger,omanger2m@upenn.edu,
Alphonso Buckney,abuckney2n@ucla.edu,109-295-8131
Conrado Luparti,cluparti2o@sfgate.com,275-639-0933
Kristyn Besset,kbesset2p@cam.ac.uk,296-324-8179
Gasparo Flori,gflori2q@hostgator.com,827-863-4496
Joshuah Woodthorpe,,721-652-6893
Jobyna Pietrusiak,jpietrusiak2s@reverbnation.com,
Orville Dedman,odedman2t@furl.net,741-249-3064
Augie Cosens,acosens2u@newyorker.com,809-178-6885
Staffard St. Clair,sst2v@webs.com,555-114-2041
Cullen Tottem,ctottem2w@lulu.com,469-994-4778
Homer Tidd,,
Lothario Roizin,lroizin2y@telegraph.co.uk,
Beale Bollon,,892-478-8479
Annie Gitthouse,agitthouse30@addthis.com,
Gene Blaney,,
Myca Sarfatti,msarfatti32@marriott.com,224-460-9713
Shelly Ameer-Beg,,267-123-7797
Jaymee Dowdell,jdowdell34@gravatar.com,
Dacy Choppin,dchoppin35@acquirethisname.com,403-795-7231
Ikey Loachhead,,732-337-8612
Timoteo Skoyles,tskoyles37@ucla.edu,
Marianna Whaley,mwhaley38@t-online.de,318-833-3536
Tori Cockren,tcockren39@booking.com,
Reeva Hateley,,671-319-2196
Lorrie Mannakee,,321-617-9437
Corrianne Hanscomb,chanscomb3c@guardian.co.uk,
Julio Ragborne,jragborne3d@feedburner.com,
Hortense Ruggen,,963-525-0959
Penn Reedie,,622-431-2024
Doralin Gascoyen,,264-929-0113
Dominga Creedland,,898-751-9311
Michaeline MacChaell,mmacchaell3i@printfriendly.com,938-183-2208
Quintina Rubinsztein,qrubinsztein3j@webnode.com,
Rad MacGilmartin,,142-195-6016
Analiese Brickell,abrickell3l@hud.gov,666-378-7796
Nichols Gleder,ngleder3m@businessinsider.com,689-795-8776
Fanya Spinige,fspinige3n@wix.com,936-859-5712
Renaud Fetherby,rfetherby3o@tinypic.com,713-523-5369
Carlina Randerson,cranderson3p@google.com,
Patsy McGeachie,pmcgeachie3q@xing.com,
Elita Antill,eantill3r@a8.net,501-368-1727
Maje Assante,massante3s@blogs.com,829-968-1769
Isahella Batthew,,334-127-5369
Haley Kerwick,,944-642-8797
Ode Stobbie,ostobbie3v@biblegateway.com,492-540-6006
Roselia Ovens,rovens3w@photobucket.com,
Georas Grew,ggrew3x@ed.gov,251-427-2220
Stevie Jeeks,sjeeks3y@constantcontact.com,658-509-9541
Percival Dimitrie,pdimitrie3z@instagram.com,188-118-2786
Ronalda Ketchell,rketchell40@omniture.com,
Abbe Thoresby,athoresby41@noaa.gov,866-754-8195
Abagael Jackett,,150-386-5244
Coleen Folkerd,cfolkerd43@youtube.com,292-771-7154
Zachery Meadmore,,
Alecia Friatt,,
Courtnay Goford,cgoford46@163.com,858-530-3796
Marilyn Caps,,866-693-0192
Aurie Dymidowski,adymidowski48@jiathis.com,379-374-1265
Bobby Shilleto,bshilleto49@360.cn,
Donelle Echallier,,655-767-0995
Koral Ickowics,kickowics4b@com.com,
Carson Grishukov,cgrishukov4c@globo.com,551-955-5580
Rowe Rosbottom,rrosbottom4d@noaa.gov,644-399-5143
Emelda Churm,,
Fernando McCosh,fmccosh4f@google.ca,905-489-6988
Perry Blinder,pblinder4g@usa.gov,844-580-1750
Jarrad Inchley,jinchley4h@sciencedirect.com,651-758-7250
Marina Bacher,mbacher4i@google.com.au,487-867-1623
Joy Carlton,,617-856-3442
Leoine Losselyong,llosselyong4k@t.co,718-418-1593
Darwin Meadows,,
Perkin Galea,pgalea4m@nature.com,
Alvira Bellocht,abellocht4n@aol.com,
Sharline Dudin,sdudin4o@theglobeandmail.com,780-274-1948
Rufe Mountstephen,rmountstephen4p@joomla.org,495-989-4300
Kristoffer Raiker,kraiker4q@walmart.com,422-192-0278
Giralda Bankhurst,gbankhurst4r@japanpost.jp,
Cissiee Hargitt,,
Caddric Strettle,cstrettle4t@utexas.edu,573-263-8587
Zed Wickardt,,940-421-3923
Clare Pilipyak,cpilipyak4v@marketwatch.com,353-194-8770
Annabal Dannohl,,747-523-4008
Tadio Boulton,,
Marc Joicey,mjoicey4y@tuttocitta.it,972-913-9410
Emyle Rottery,,510-552-3699
Giorgia Bengall,gbengall50@chronoengine.com,412-884-9255
Chuck Tainton,ctainton51@wikimedia.org,
Aeriela Dawney,,
Ky Breens,,947-362-5634
Miriam Coxhell,mcoxhell54@storify.com,298-885-1410
Barri Weeds,,
Rice Klaas,rklaas56@arstechnica.com,706-872-2465
Lorette Collington,lcollington57@typepad.com,890-803-9814
Rafferty O'Hartnett,,149-618-8421
Cassie Filipczak,cfilipczak59@360.cn,
Denis O'Hannen,dohannen5a@usa.gov,798-753-9498
Ted Folkes,tfolkes5b@nba.com,538-692-1437
Bill Antoney,bantoney5c@issuu.com,773-620-2408
Elroy Cruwys,,
Kippie Bascombe,kbascombe5e@reddit.com,857-911-5597
Cleo Meek,,
Maris Libbie,,380-342-4598
Carmen Vigrass,cvigrass5h@sciencedirect.com,
Ealasaid Nuscha,enuscha5i@ucla.edu,
Jewel Terrey,jterrey5j@trellian.com,294-379-4552
Jo Foran,jforan5k@ted.com,270-460-4443
Vallie Freiberg,,130-937-7500
Darell Kearn,dkearn5m@creativecommons.org,670-529-8858
Lory Corgenvin,lcorgenvin5n@hibu.com,
Madelaine Curuclis,mcuruclis5o@census.gov,631-833-1882
Ashby Mallard,,552-805-6454
Burr Readmire,breadmire5q@examiner.com,
Perrine Babalola,,499-269-2368
Regen Aldam,,441-624-0407
Fleur Greenhalf,fgreenhalf5t@hud.gov,
Sherilyn Daugherty,sdaugherty5u@hugedomains.com,200-783-4797
Sanson Hanes,shanes5v@discuz.net,665-488-9841
Lissa Yatman,lyatman5w@shinystat.com,
Izzy Slimings,islimings5x@vkontakte.ru,961-848-0653
Amata Dowse,adowse5y@ftc.gov,909-640-8445
Goran Haugeh,ghaugeh5z@shutterfly.com,627-728-8730
Chip Naulty,cnaulty60@java.com,737-152-8233
Lilla Conibere,lconibere61@i2i.jp,753-100-2650
Dot Newhouse,dnewhouse62@samsung.com,657-243-1411
Trev Adelman,tadelman63@joomla.org,519-534-5486
Claresta Lammert,clammert64@cbslocal.com,590-774-7607
Deonne Durrant,ddurrant65@cam.ac.uk,
Mauricio Vautier,mvautier66@google.com.hk,
Artus Grissett,agrissett67@yahoo.co.jp,
Galen Westrip,gwestrip68@samsung.com,
Jameson Milley,jmilley69@mit.edu,
Celestina Rivard,crivard6a@angelfire.com,114-729-0714
Denver Humbee,dhumbee6b@washingtonpost.com,
Gunar Rowston,growston6c@cbslocal.com,590-757-7853
Beniamino Catlin,,
Sascha Romaint,sromaint6e@go.com,
Sampson Bassom,,532-244-8770
Fabian Lewer,flewer6g@mac.com,476-850-6478
Philbert Pellitt,ppellitt6h@cam.ac.uk,186-940-0665
Dody Veasey,dveasey6i@joomla.org,
Blondell Eite,beite6j@blog.com,602-378-4915
Dorise Hair,dhair6k@lycos.com,201-169-1757
Niles Palleske,,943-946-4641
Ardath Cordie,acordie6m@fema.gov,178-350-9011
Maude McCluin,,447-770-5491
Caralie Stebbings,cstebbings6o@xrea.com,869-848-1995
Ola Skuce,,
Wain Gilsthorpe,wgilsthorpe6q@moonfruit.com,859-780-8458
Nadya Faraker,nfaraker6r@reuters.com,473-693-6551
Albie MacGown,,581-968-1612
Isiahi Tudgay,itudgay6t@accuweather.com,274-364-7551
Amargo Flack,aflack6u@netlog.com,400-220-7314
Catrina Joskowicz,cjoskowicz6v@networkadvertising.org,412-884-1256
Briny McClunaghan,bmcclunaghan6w@amazon.de,
Vivi Feavearyear,vfeavearyear6x@pen.io,
Dickie Pedder,,990-890-1114
Lindy Keeling,lkeeling6z@ibm.com,
Gus Mabley,gmabley70@admin.ch,284-778-4020
Catlin Vasyukhin,,999-240-8562
Stefano Kinnerley,skinnerley72@ning.com,778-304-0856
Darb Pulbrook,dpulbrook73@netvibes.com,
Xenia Bruster,xbruster74@biblegateway.com,
Dalia Cardnell,,
Trudi Strete,,
Garvin Pearmine,gpearmine77@weebly.com,
Carlye Chainey,,550-259-8546
Ruperto Freeland,,377-304-3077
Hayden McGraw,hmcgraw7a@china.com.cn,
Myranda MacMaykin,,
Rance Haughton,rhaughton7c@dyndns.org,
Cassandre Rosetti,,
Ugo Whordley,uwhordley7e@va.gov,538-160-1070
Brandice Axton,baxton7f@de.vu,951-496-3186
Justino Tunnow,jtunnow7g@amazonaws.com,
Sonja Montrose,smontrose7h@google.es,
Vivianne Salling,,325-444-2536
Richmond Careless,,
Vallie Pafford,vpafford7k@cbslocal.com,663-625-5792
Tuck Newark,tnewark7l@discuz.net,
Robbie Trevett,,
La verne Giovannacci,lverne7n@is.gd,901-386-1653
Jewel Ibel,jibel7o@zdnet.com,144-928-1581
Con Witton,cwitton7p@sciencedirect.com,842-350-3382
Guido Atwood,gatwood7q@google.com.hk,996-519-1715
Inger Gaddes,igaddes7r@mail.ru,
Dre Dandy,ddandy7s@ning.com,369-759-5782
Sonya Osman,,
Boyd Weatherhogg,bweatherhogg7u@scribd.com,
Evangelin Bestwick,,837-646-6415
Brice Greenrde,,933-342-1185
Kathryne Sanger,ksanger7x@yelp.com,582-311-9906
Padraig Mant,,531-155-3675
Merle Saunper,msaunper7z@ucla.edu,
Goldarina Jedryka,gjedryka80@goo.ne.jp,617-936-8067
Thadeus Kimmerling,tkimmerling81@independent.co.uk,
Marlin Almond,malmond82@prlog.org,740-730-4652
Arvie Bricklebank,abricklebank83@ehow.com,185-999-7601
Judye Dederick,,905-924-1166
Noby Beauly,nbeauly85@slate.com,275-774-4389
Dane Peedell,dpeedell86@baidu.com,626-395-0936
Harli Reck,,453-541-6287
Genna Lanfear,,
Wanda Hammatt,whammatt89@state.tx.us,984-127-6553
Nevin Jaher,njaher8a@unc.edu,350-945-3172
Hakeem De Paepe,hde8b@nih.gov,
Verena Holme,,610-128-8515
Piotr Khomich,,
Derby Reignard,,
Dionne Akett,dakett8f@clickbank.net,668-871-1376
Cosimo Carr,ccarr8g@army.mil,772-476-2459
Johanna Sizeland,jsizeland8h@slashdot.org,420-901-1735
Rodger Taffurelli,rtaffurelli8i@rambler.ru,593-572-0586
Gregg Royce,groyce8j@behance.net,
Gal Gerg,ggerg8k@quantcast.com,880-194-7627
Joella Kiezler,jkiezler8l@geocities.com,871-238-8038
Anatole Boarer,aboarer8m@tuttocitta.it,971-751-2103
Janela Dymocke,jdymocke8n@issuu.com,192-387-3180
Garner Hanny,ghanny8o@msn.com,
Abby Fellows,,697-219-2464
Clair Henbury,chenbury8q@joomla.org,570-313-9983
Karleen Jentle,,264-420-9211
Gaelan Hadgkiss,ghadgkiss8s@adobe.com,414-693-0512
Celestia Fenelow,,304-338-4241
Raina Biggadyke,rbiggadyke8u@cnbc.com,994-962-5450
Shantee Govier,sgovier8v@edublogs.org,
Ammamaria Nowak,,
Kandy Spivie,kspivie8x@constantcontact.com,995-755-6234
Sabine Videneev,svideneev8y@seattletimes.com,
Dorelle Petegree,dpetegree8z@slideshare.net,558-397-2561
Xerxes Hutton,xhutton90@parallels.com,328-501-3520
Sonnnie Etherington,setherington91@histats.com,233-448-9864
Lucho Eberz,leberz92@barnesandnoble.com,
Philip Label,plabel93@wikimedia.org,416-789-4994
Ainsley Bonefant,,850-622-2298
Gusta Haborn,ghaborn95@php.net,597-862-0577
Liesa MacKaig,,749-334-6767
Patrice Nystrom,pnystrom97@tiny.cc,458-401-9415
Isidore Orrow,iorrow98@jimdo.com,865-736-7146
Berrie Tapp,btapp99@mysql.com,493-609-2205
Barney Tolan,btolan9a@symantec.com,599-217-0907
Blinni Rottenbury,brottenbury9b@diigo.com,306-934-7078
Julie Glede,jglede9c@mapquest.com,
Betsey Mawford,bmawford9d@blogger.com,968-880-8465
Roana Stancliffe,rstancliffe9e@shop-pro.jp,430-239-0666
Mahala Gillice,mgillice9f@diigo.com,351-482-4020
Trace Rigby,trigby9g@newsvine.com,112-112-0112
Raimondo Ellif,rellif9h@privacy.gov.au,
Bryana Bendelow,,708-222-7850
Federico Spatig,,165-133-0519
Justin Wickett,jwickett9k@list-manage.com,167-491-9974
Manya Beedle,mbeedle9l@hhs.gov,938-515-3346
Zia Carslaw,zcarslaw9m@deliciousdays.com,176-543-7134
Tova Titterton,,217-679-7479
Hewie Twinn,,757-752-0770
Avril O'Bradain,aobradain9p@macromedia.com,456-477-3923
Engracia MacKintosh,,911-185-9192
Dotty Duckhouse,dduckhouse9r@wufoo.com,
Shanan Kildea,,930-875-3472
Stefano Hugland,shugland9t@de.vu,848-904-9168
Valerie Ruddy,vruddy9u@walmart.com,897-369-5840
Duky Camili,dcamili9v@samsung.com,930-530-8172
Salli Lewnden,slewnden9w@boston.com,693-130-5026
Andriana Lanfranconi,alanfranconi9x@wisc.edu,
Coreen Jowle,cjowle9y@jiathis.com,544-489-6212
Shanan Duffill,,800-213-4340
Lanni Noquet,lnoqueta0@google.pl,204-555-2025
Joeann Brabban,jbrabbana1@pagesperso-orange.fr,538-404-6446
Elfrida Andreoletti,eandreolettia2@diigo.com,
Tory Hagyard,thagyarda3@redcross.org,
Devondra Aizikov,,481-855-8621
Balduin Agglione,,471-869-4563
Nathalia Scarsbrooke,nscarsbrookea6@earthlink.net,
Nady Peacop,npeacopa7@seesaa.net,655-240-4227
Coop Leaning,,253-891-7671
Ardath Gwilym,agwilyma9@wikipedia.org,507-456-7425
Keeley Belshaw,kbelshawaa@dailymail.co.uk,
Garret Peniello,,999-150-5099
Marcela Germon,mgermonac@fastcompany.com,
Tatiania Lodford,tlodfordad@cornell.edu,
Willie MacGauhy,wmacgauhyae@delicious.com,346-168-3023
Arni Tilley,atilleyaf@slate.com,
Celestina Brazear,cbrazearag@adobe.com,
Lanny Bradshaw,lbradshawah@thetimes.co.uk,
Darci Mathonnet,dmathonnetai@unblog.fr,109-358-6552
Rowney Muldownie,rmuldownieaj@oracle.com,661-419-9638
Maureene Tonry,mtonryak@cnn.com,591-724-6964
Fonz Oehm,foehmal@jalbum.net,610-138-2552
Gustav Sharphouse,gsharphouseam@exblog.jp,
Sula Kettel,,
Inness Hindrick,ihindrickao@addthis.com,306-894-3703
Cami Martinon,cmartinonap@netvibes.com,921-445-1426
Eilis Bulward,ebulwardaq@seesaa.net,560-654-6630
Didi Colt,,869-843-5242
Gaven Peschet,gpeschetas@networkadvertising.org,340-980-8092
Burch Pozzi,bpozziat@t-online.de,598-431-9838
Hermione Cunah,,
Ab Heyburn,aheyburnav@fastcompany.com,582-766-4331
Manolo MacLoughlin,,773-830-4570
Reinhold Osgar,,
Loreen Lilburne,,
Everett Gatchell,egatchellaz@slideshare.net,712-172-2410
Winnie Tapp,wtappb0@dailymail.co.uk,
Florencia Hallad,fhalladb1@toplist.cz,
Arni Rennison,arennisonb2@stumbleupon.com,233-243-0191
Larisa Gaffon,lgaffonb3@tinyurl.com,718-144-7772
Adelind Work,aworkb4@yale.edu,926-669-6188
Guenevere Cribbins,gcribbinsb5@gmpg.org,
Cassey Zarfai,czarfaib6@answers.com,343-236-9186
Christan Roast,croastb7@constantcontact.com,683-843-7854
Galvin Hansman,ghansmanb8@si.edu,130-696-2163
Storm Beekmann,sbeekmannb9@ebay.com,
Cathryn McGooch,cmcgoochba@springer.com,676-303-4676
Linnell Dalli,ldallibb@princeton.edu,
Lory Probbin,lprobbinbc@elegantthemes.com,
Laurent Maine,lmainebd@marriott.com,
Flor Gilkes,,
Huntington Siviour,hsiviourbf@bluehost.com,962-876-4931
Irene Eglese,ieglesebg@ifeng.com,
Walker Selborne,wselbornebh@reuters.com,
Ragnar McGilvra,rmcgilvrabi@oakley.com,
Clem Fidgeon,,619-853-4913
Alexi Giocannoni,agiocannonibk@biblegateway.com,893-973-4045
Jana Di Boldi,jdibl@senate.gov,366-387-7136
Devy Buske,,
Garrik Melland,gmellandbn@europa.eu,761-828-8996
Hyacinthie Bryant,hbryantbo@auda.org.au,330-175-1131
Rubin Braitling,rbraitlingbp@4shared.com,
Anastassia Bramham,abramhambq@google.co.jp,
Vitia Mackrill,,
Gaylene Laboune,glabounebs@alexa.com,351-916-5062
Audi Bjerkan,abjerkanbt@blogtalkradio.com,716-565-3746
Katharyn Bloxham,kbloxhambu@constantcontact.com,216-896-3171
Kyla Couve,kcouvebv@weebly.com,
Olimpia Binion,obinionbw@feedburner.com,416-426-5106
Lowell Gatch,lgatchbx@technorati.com,827-561-7352
Jory Gunthorpe,,262-310-8981
Laura Baldrey,lbaldreybz@army.mil,
Eugenius Moreton,,905-159-4143
Sherwin Baynon,sbaynonc1@netlog.com,
Cass Osmond,,
Beaufort Balmadier,,859-213-5329
Hervey Kerry,hkerryc4@patch.com,289-970-5781
Roby Raitt,rraittc5@wiley.com,831-563-4374
Chrissy Jeannot,cjeannotc6@cornell.edu,566-586-1325
Trudy Fissenden,tfissendenc7@weather.com,
Trstram Crocetti,tcrocettic8@1und1.de,183-243-9394
Seward Gonnin,sgonninc9@xing.com,584-740-3064
Myrtia Possel,mposselca@auda.org.au,
Beryle Bennet,bbennetcb@vimeo.com,590-135-3088
Angelia Hansley,,686-686-4468
Ezri Longley,,341-333-2591
Mommy Fowkes,mfowkesce@wikimedia.org,506-923-4489
Shirline Doogan,sdoogancf@amazonaws.com,794-480-9625
Rori Lorentz,,
Kirbee Duckering,kduckeringch@eepurl.com,799-418-5337
Eberhard Cody,ecodyci@goo.ne.jp,
Lara Harpham,lharphamcj@berkeley.edu,681-840-8397
Rudie Oakinfold,roakinfoldck@sphinn.com,542-371-1349
Denver Brisset,dbrissetcl@wikispaces.com,
Meredith Eldershaw,,
Niel Reddy,nreddycn@sogou.com,269-354-0430
Shurlocke Kenway,skenwayco@nifty.com,
Winny Plaid,wplaidcp@marketwatch.com,153-578-5873
Aguistin Menci,,828-238-2761
Priscilla Boor,pboorcr@thetimes.co.uk,
Catha Becerro,cbecerrocs@eventbrite.com,
Kitti Larraway,klarrawayct@blog.com,730-764-5728
Teodora Hackleton,thackletoncu@trellian.com,153-685-3899
Lelah Shyre,lshyrecv@devhub.com,343-451-2319
Eveline Tosh,,454-923-6450
Charo McMichan,cmcmichancx@51.la,700-998-1823
Andriette Giorgiutti,,207-337-4527
Glendon Eastby,,869-687-2821
Ranice Fortune,rfortuned0@digg.com,654-670-4718
Dara Jarrel,djarreld1@ft.com,358-481-3577
Ber Siberry,,757-190-0610
Trina Behnen,tbehnend3@diigo.com,
Marylinda Scarff,,332-729-5996
Lise Simner,lsimnerd5@canalblog.com,
Bertina Larmuth,,
Brendan Volleth,bvollethd7@mit.edu,363-569-3180
Jean McClary,jmcclaryd8@elpais.com,
Trip Eastman,,
Olivero de Nore,odeda@woothemes.com,371-287-0540
Jilly Broyd,jbroyddb@bing.com,
Retha Richardson,rrichardsondc@gmpg.org,461-341-4636
Ripley Goodreid,rgoodreiddd@amazon.co.jp,
Baxy Affron,baffronde@e-recht24.de,703-313-7135
Vickie Coggins,vcogginsdf@tripadvisor.com,
Pia Castell,pcastelldg@patch.com,278-474-8262
Nicole Schrieves,nschrievesdh@hc360.com,250-606-3113
Ty Leguey,tlegueydi@dailymail.co.uk,404-349-1105
Dominick Gander,dganderdj@bloomberg.com,865-218-6271
Arnold Wildsmith,awildsmithdk@biglobe.ne.jp,
Perla Gallehock,,678-677-2438
Orin Inglesfield,oinglesfielddm@wordpress.org,
Inez Claisse,iclaissedn@i2i.jp,
Kiele Walenta,kwalentado@un.org,837-609-3928
Billy Lahy,blahydp@apple.com,300-500-8373
Davidde Bronot,dbronotdq@creativecommons.org,
Farlie Dyde,fdydedr@wunderground.com,
Goran Hatwell,,605-579-5581
Richart Waple,rwapledt@mozilla.org,492-827-3753
Kial Millberg,,282-464-8691
Illa Willas,iwillasdv@blinklist.com,711-865-1981
Theresina MacGibbon,tmacgibbondw@friendfeed.com,230-501-0155
Persis Cummungs,pcummungsdx@moonfruit.com,257-860-2553
Karilynn Skittle,kskittledy@creativecommons.org,405-332-2382
Franciska Brunke,fbrunkedz@cornell.edu,
Willetta Scipsey,,273-908-2878
Sigfried Dobing,sdobinge1@youku.com,357-786-4932
Chrystel Ekins,cekinse2@goo.gl,433-119-8414
Johnna Pietesch,,
Romonda Mailey,,894-850-5113
Rici Wines,rwinese5@independent.co.uk,
Arvin Stredder,astreddere6@ocn.ne.jp,839-926-1345
Rebeca Sammut,rsammute7@independent.co.uk,974-726-1172
Mathian Bizley,mbizleye8@canalblog.com,
Rodrique Alltimes,ralltimese9@europa.eu,344-631-0218
Roxie Varker,rvarkerea@mapy.cz,
Grange Tambling,gtamblingeb@163.com,573-987-8449
Gill Bottelstone,gbottelstoneec@reddit.com,205-315-6086
Ewen Brownsworth,,533-526-7401
Zonnya MacCoveney,zmaccoveneyee@joomla.org,973-150-5041
Norman Schwanden,nschwandenef@e-recht24.de,593-497-0610
Milena Gateland,,295-930-7742
Marlane Gurton,,347-831-4525
Ivan Rich,irichei@ebay.com,615-460-7049
Lothaire Santoro,lsantoroej@diigo.com,791-926-9776
Glennis Alford,,189-988-0968
Rufe Cella,rcellael@webeden.co.uk,
Bridget Tothacot,,492-628-5353
Atlante Blackall,ablackallen@plala.or.jp,
Greg Worstall,gworstalleo@tamu.edu,295-131-1400
Valentijn Blind,vblindep@gnu.org,168-152-5087
Brnaba de Grey,bdeeq@google.de,481-887-6849
Barnabe Cowans,,990-739-1878
Jinny McDowell,,
Helen Tomasoni,htomasoniet@miibeian.gov.cn,
Lilia Kehoe,lkehoeeu@so-net.ne.jp,
Jose Pettersen,,897-274-5628
Horace Warlow,,
Aeriela Poundford,,981-190-8893
Helaine Aymer,haymerey@tiny.cc,102-833-2245
Aggie Pree,apreeez@amazonaws.com,
Agathe De Lacey,,
Finlay Mildmott,fmildmottf1@craigslist.org,
Meredith Bonellie,,
Tersina Shawyer,tshawyerf3@twitter.com,
Matty Gridley,,
Victoir Rist,vristf5@mayoclinic.com,515-237-6163
Rayna Yukhtin,ryukhtinf6@wisc.edu,359-411-1956
Erasmus Sanchiz,,910-377-7602
Panchito Greenstead,pgreensteadf8@creativecommons.org,112-407-2005
Deny Trigwell,,881-678-1426
Ola Abbyss,oabbyssfa@artisteer.com,329-626-0778
Lanny Bunney,,888-119-9906
Myrvyn Jaycocks,mjaycocksfc@geocities.com,
Cesaro Puttergill,,
Danica Sawers,dsawersfe@yelp.com,193-147-7152
Lisle Airey,laireyff@barnesandnoble.com,161-598-1061
Saunders Eskriet,seskrietfg@woothemes.com,526-593-0820
Blanch Sture,bsturefh@clickbank.net,119-882-1576
Mersey Fleeman,mfleemanfi@paypal.com,116-288-9699
Libby Whitefoot,,440-554-4105
Murial Brosio,,641-438-6307
Diane-marie Farthin,dfarthinfl@tumblr.com,816-965-1787
Micheline Lumbley,,744-129-6767
Wanda Bachura,wbachurafn@scientificamerican.com,614-314-7175
Kristofer Capel,kcapelfo@shinystat.com,515-238-2569
Darya Dakers,ddakersfp@go.com,710-697-5285
Benton McGlashan,bmcglashanfq@fema.gov,190-296-8095
Bren Filtness,bfiltnessfr@utexas.edu,
Bernadina Baudry,,658-341-1452
Lynde Embery,lemberyft@bigcartel.com,119-564-4631
Barrie Ybarra,bybarrafu@mtv.com,967-498-1431
Shannah Darch,,772-587-7988
Orlando Fawdry,ofawdryfw@stumbleupon.com,
Tommie Soppett,tsoppettfx@netvibes.com,281-653-2927
Thalia Woliter,twoliterfy@naver.com,943-302-9576
Ilyssa Garnsworth,igarnsworthfz@springer.com,
Deny Pennetta,,267-835-5940
Dru Jouanet,,129-893-7973
Felike de Clercq,fdeg2@stumbleupon.com,617-601-7941
Harmonie Bellward,hbellwardg3@kickstarter.com,998-888-1537
Tirrell Gilfether,tgilfetherg4@imdb.com,492-403-2758
Faydra Beale,fbealeg5@yellowbook.com,
Katharine Dinesen,kdineseng6@symantec.com,548-964-3304
Mordy Souley,msouleyg7@youku.com,325-838-4568
Lanie Tarbet,ltarbetg8@spotify.com,396-701-8399
Ingrid Bouzan,ibouzang9@elpais.com,679-327-6362
Myrta Dikels,mdikelsga@huffingtonpost.com,
Annabel Juliano,ajulianogb@wufoo.com,
Loralee Pitkeathley,lpitkeathleygc@sina.com.cn,375-838-2952
Dannel Cholonin,dcholoningd@epa.gov,
Brietta Malthus,bmalthusge@edublogs.org,310-196-8976
Eve Inde,,601-983-8449
Friedrick Paish,,640-103-7606
Ramona Giovanetti,,260-455-4386
Corly Henryson,chenrysongi@youtu.be,851-993-2072
Nina McCague,nmccaguegj@cnet.com,851-906-0806
Winston Dearle-Palser,,
Farlie Hanselman,,358-736-1291
Pippy Goodlad,,
Wallis Loble,wloblegn@blogs.com,688-219-9122
Cort Gallie,cgalliego@state.gov,
Faunie Tanslie,ftansliegp@hhs.gov,
Rae Hanburry,rhanburrygq@bigcartel.com,
Felicio Smieton,fsmietongr@nymag.com,277-103-6481
Gustavus Brearley,gbrearleygs@ustream.tv,
Miguela Ciccottini,mciccottinigt@devhub.com,
Lizbeth Shewery,lshewerygu@dedecms.com,
Sallie Blackley,sblackleygv@wikia.com,335-521-0145
Angus Loudyan,aloudyangw@berkeley.edu,590-851-1282
Edee Schapiro,,498-806-2029
Nan McNellis,nmcnellisgy@dailymotion.com,
Kiersten Cuttell,,
Emmery Pennone,epennoneh0@cbsnews.com,
Charlena Petrusch,,828-579-1976
Joshuah Natt,,944-464-9890
Wilburt Deneve,,569-618-8210
Amy Prandy,aprandyh4@pcworld.com,
Celestyna Slatcher,cslatcherh5@state.tx.us,772-614-4686
Alysia Niess,aniessh6@goo.gl,192-865-9401
Stace Presslie,,783-117-8760
Thaxter Dwelling,tdwellingh8@newsvine.com,116-672-0596
Norine Matussevich,nmatussevichh9@pen.io,915-539-8632
Ashleigh Addison,aaddisonha@indiegogo.com,
Douglass Tyer,dtyerhb@adobe.com,683-842-7006
Dulsea Dils,ddilshc@howstuffworks.com,
Ilario Rugge,iruggehd@cnn.com,277-185-8202
Larisa Eacle,,644-684-8283
Rogerio Frostdyke,,
Natalee Hurford,nhurfordhg@reddit.com,782-574-4993
Aubrey Worstall,,963-939-7657
Abbott Stripp,astripphi@unicef.org,909-765-0605
Lucio Edel,,
Cindy Mattis,,186-476-6116
Austina Vivers,avivershl@jimdo.com,906-765-7218
Melantha Bibbie,mbibbiehm@techcrunch.com,
Magnum Renihan,,
Ryann Congram,rcongramho@pinterest.com,679-839-9867
Trudey Sigmund,tsigmundhp@vkontakte.ru,719-697-2834
Lilli Davidofski,ldavidofskihq@ameblo.jp,353-755-4645
Osmond Elles,oelleshr@admin.ch,651-561-7775
Pippa Gerding,,
Mathilda Outridge,moutridgeht@w3.org,879-619-1830
Liesa Edmeades,ledmeadeshu@angelfire.com,
Leese McAlpin,,536-885-4369
Modesta Pickle,mpicklehw@princeton.edu,
Darleen Paddeley,dpaddeleyhx@unicef.org,336-582-6237
Wendeline Olland,,
Dill Samudio,dsamudiohz@joomla.org,298-289-5394
Annamarie Gerrie,,183-366-6211
Jobi Losel,jloseli1@symantec.com,
Olia Millington,omillingtoni2@feedburner.com,
Lettie Copsey,lcopseyi3@eepurl.com,
Christopher Castellaccio,,
Jordanna Yellowlees,jyellowleesi5@timesonline.co.uk,738-421-1687
Deni Stamp,,
Yvette Desmond,ydesmondi7@slideshare.net,314-708-9285
Maddie Deare,mdearei8@jalbum.net,277-579-7206
Hillie MacGillespie,hmacgillespiei9@nasa.gov,346-875-2749
Dori Collis,dcollisia@4shared.com,
Rorke Beston,,
Minetta Sandeford,msandefordic@paginegialle.it,
Gualterio Wardale,gwardaleid@tamu.edu,
Roxy Scarasbrick,rscarasbrickie@ihg.com,404-115-5564
Claudia Penhallurick,cpenhallurickif@techcrunch.com,
Zebadiah Reis,zreisig@si.edu,520-689-1459
Joby Flips,jflipsih@twitpic.com,845-306-4224
Bettye Loutheane,bloutheaneii@mapy.cz,742-577-5653
Rosalie Yakushkev,ryakushkevij@weebly.com,806-603-6878
Damara Davydenko,,
Idaline Baldacchi,,353-766-3295
Wendy Scamel,wscamelim@mayoclinic.com,743-212-8689
Vonnie Stimpson,vstimpsonin@abc.net.au,947-356-9948
Lancelot Stollwerk,lstollwerkio@delicious.com,
Zia Tuttiett,ztuttiettip@storify.com,775-504-2319
Christophorus Mulloch,cmullochiq@howstuffworks.com,815-918-8835
Marlene Kulicke,mkulickeir@google.ru,
Bella Screwton,bscrewtonis@apache.org,202-570-2815
Constanta Mac Geaney,cmacit@domainmarket.com,144-990-2413
Hermann Pidduck,hpidduckiu@prlog.org,961-705-0427
Bren Senior,bsenioriv@nsw.gov.au,
Dawna Janton,djantoniw@angelfire.com,609-416-7514
Templeton Grantham,tgranthamix@g.co,
Jeff Dalgleish,,
Renaud Gilder,,
Brocky Ensor,,414-528-0984
Giusto Esberger,gesbergerj1@canalblog.com,528-909-1034
Blair Izzat,,372-353-4998
Trueman Hadwin,thadwinj3@myspace.com,738-905-6339
Danie Satcher,dsatcherj4@stumbleupon.com,845-442-9750
Mimi McCurt,,499-985-6999
Desmund Prozillo,dprozilloj6@over-blog.com,263-134-4634
Kort Giovanetti,kgiovanettij7@a8.net,
Nadiya Pickerin,,
Lilllie O'Sirin,losirinj9@twitpic.com,877-238-0010
Sybilla Otteridge,sotteridgeja@imdb.com,911-458-6834
Jud Sebyer,jsebyerjb@go.com,
Rozalie Wattam,rwattamjc@yale.edu,285-299-3387
Clemmy Bedboro,,
Leda Verissimo,lverissimoje@friendfeed.com,939-580-9967
Simone Huffer,shufferjf@youtube.com,647-560-9337
Trudy Morstatt,tmorstattjg@godaddy.com,201-219-2574
Terrie Konmann,tkonmannjh@about.me,773-883-3736
Della Parmenter,dparmenterji@marriott.com,
Hastings Merrilees,hmerrileesjj@mysql.com,930-447-0125
Rey Chinge de Hals,rchingejk@jimdo.com,444-177-1604
Zarla Atkinson,zatkinsonjl@sitemeter.com,407-719-2255
Kendell Spence,kspencejm@topsy.com,798-359-0193
Cherlyn Ruoss,cruossjn@stumbleupon.com,
Marlee Landells,mlandellsjo@fotki.com,585-351-4379
Aurlie Jeannard,ajeannardjp@ucoz.ru,998-317-4130
Obed Preuvost,opreuvostjq@cyberchimps.com,796-675-5862
Elisabeth Marzelli,emarzellijr@odnoklassniki.ru,399-528-5770
Homere Demogeot,hdemogeotjs@pbs.org,979-655-6522
Milissent Aronowicz,,
Conrade Roper,,760-780-2603
Gabriella Furmage,gfurmagejv@skype.com,
Rolland Radloff,rradloffjw@epa.gov,359-675-6846
Demetra MacDearmont,dmacdearmontjx@biglobe.ne.jp,
Kaiser Colles,,
Leupold Bowart,lbowartjz@printfriendly.com,
Debra Tureville,dturevillek0@mapquest.com,670-655-7593
Nikos Glewe,,201-538-8285
Jeremie Picot,jpicotk2@yelp.com,554-548-3381
Jed Aindrais,jaindraisk3@rambler.ru,488-173-0304
Brinna Petr,bpetrk4@vimeo.com,
Giacomo Robens,grobensk5@jalbum.net,213-418-0927
Ringo Doyle,rdoylek6@merriam-webster.com,
Melosa Wyper,,
Tremaine De Cristoforo,tdek8@themeforest.net,
Fredelia Degue,fdeguek9@pinterest.com,424-705-5801
Elvin Marjot,,
Myrah Chadwell,,
Sal Breckwell,,
Annetta Ganning,aganningkd@samsung.com,611-341-7807
Clemence Carrane,ccarraneke@nasa.gov,
Bertrand Gillet,bgilletkf@jalbum.net,187-280-5198
Bevan Slide,,198-683-1627
Jemmie Kennea,,
Sanson Itzkovich,sitzkovichki@domainmarket.com,754-875-3073
Waring Richings,wrichingskj@4shared.com,251-804-7834
Veronique Bittleson,vbittlesonkk@altervista.org,991-496-0096
Codi Coolahan,ccoolahankl@elegantthemes.com,981-487-4482
Lissy Lindsey,llindseykm@va.gov,717-123-9751
Veronike Parks,vparkskn@apple.com,804-733-3307
Darcee Luckey,dluckeyko@w3.org,305-696-5767
Quentin Batie,,964-636-3881
Cristiano Stanett,cstanettkq@mit.edu,115-909-5991
Garrick Blenkinsopp,,296-428-2499
Gunther Applebee,,
Daryle Hovie,dhoviekt@nature.com,
Lorita Buss,,
Evita Boskell,,
Beauregard Macallam,bmacallamkw@mit.edu,
Garey Guiet,gguietkx@mysql.com,621-936-8042
Cirillo Trevers,ctreversky@nature.com,431-459-6909
Lauraine Dominey,ldomineykz@example.com,735-716-9662
Seth Gantley,,882-569-8691
Domini McCathay,dmccathayl1@free.fr,367-670-9727
Westbrooke Maystone,,
Dun Linzee,,680-243-4870
Crosby McKain,,
Quintilla Derham,qderhaml5@gnu.org,140-384-2979
Zarla Coucha,zcouchal6@taobao.com,303-781-6784
Lauri Ericssen,lericssenl7@addtoany.com,
Mireielle Martina,,279-584-3462
Reggie Witts,rwittsl9@blogspot.com,323-436-8962
Guy Dewberry,gdewberryla@shinystat.com,718-776-3019
Michaelina Hairsine,,
Abbie Swyne,aswynelc@wikia.com,472-672-3717
Nickie Shmyr,,788-714-3743
Rhianon Heal,rhealle@tripadvisor.com,
Sisile Cregan,,882-126-4757
Elfrieda Conroy,econroylg@angelfire.com,
Penrod Vedenyapin,pvedenyapinlh@msn.com,
Dennison Minico,dminicoli@linkedin.com,
Tucker Adriaens,tadriaenslj@vk.com,
Kane Wooton,kwootonlk@hibu.com,861-771-0597
Ainslee Doy,adoyll@wsj.com,
Ailis Vidyapin,avidyapinlm@reference.com,910-356-9532
Florrie Toffolini,ftoffoliniln@alexa.com,
Phillip Court,pcourtlo@desdev.cn,138-488-5500
Wenda Johnsson,wjohnssonlp@google.cn,
Bartie Durden,bdurdenlq@cocolog-nifty.com,377-958-7113
Derk Flintiff,,
Graham Balham,,479-178-7675
Edna Najara,enajaralt@wiley.com,815-427-5464
Corrie Frew,,890-248-7114
Maryl Yonnie,myonnielv@acquirethisname.com,
Clevey Sedgeman,,
Ermengarde Vincent,,295-212-5692
Tanny Loosmore,tloosmorely@soundcloud.com,
Bonita Elvidge,belvidgelz@bloglovin.com,371-600-6125
Bernadine Brimmacombe,,
Edwina Sandal,esandalm1@nps.gov,372-491-0638
Marwin Schwaiger,,
Broddie Filipputti,,432-735-2600
Aubert Lilian,,525-871-3622
Kendricks Cosby,,
Tybalt Raleston,tralestonm6@mail.ru,159-662-1721
Lucho Jolly,ljollym7@privacy.gov.au,790-690-9793
Billie Rydzynski,brydzynskim8@goodreads.com,364-701-2637
Dulciana Matei,dmateim9@nymag.com,
Georgianna Valentinetti,gvalentinettima@digg.com,171-832-9886
Roze Dorrance,rdorrancemb@nsw.gov.au,
Olympe Nardi,onardimc@dell.com,362-518-2635
Shamus O'Heffernan,soheffernanmd@ucla.edu,807-770-6132
Sutherlan Clymer,sclymerme@desdev.cn,363-231-3551
Nikoletta Etches,,885-788-8336
Lorri Bowness,lbownessmg@hostgator.com,202-632-5440
Rafaela Griswaite,rgriswaitemh@unicef.org,
Kalie Teas,kteasmi@list-manage.com,392-643-8475
Consuela Foad,cfoadmj@ask.com,916-502-5859
Linette Gallaway,,943-659-4890
Brody Coleby,,924-328-6704
Evin Sterman,,964-583-4426
Kial Beernt,,138-354-9475
Janette Lutas,,
Andeee Eberts,aebertsmp@springer.com,209-558-7664
Gene Graddell,,
Mordecai Aspall,maspallmr@delicious.com,438-493-6027
Audrie Curado,,512-955-3301
Gamaliel Musslewhite,gmusslewhitemt@seesaa.net,
Clarence Bonick,cbonickmu@sun.com,794-423-3003
Niels Gravett,ngravettmv@wsj.com,
Wheeler Swatton,,205-763-3965
Brod Ruler,,
Kristi Frowen,kfrowenmy@oaic.gov.au,
Nicolina Townsley,ntownsleymz@washington.edu,853-324-4488
Gherardo Golton,,214-347-7599
Lydon Minall,lminalln1@google.es,452-216-5298
Kalinda Whylie,kwhylien2@buzzfeed.com,
Vina Havis,vhavisn3@wiley.com,756-386-4398
Roz Jowers,rjowersn4@google.cn,479-520-9047
Doe Sibthorp,dsibthorpn5@e-recht24.de,
Hetty Steinham,hsteinhamn6@paypal.com,958-185-3210
Sophie Natte,snatten7@hexun.com,542-113-9890
Edouard Von Welden,evonn8@icq.com,519-287-1030
Kassia Etherton,kethertonn9@desdev.cn,939-825-4909
Isacco Bartocci,ibartoccina@discuz.net,589-381-1077
Katharina Edy,kedynb@deviantart.com,
Yolanthe Dellenbach,ydellenbachnc@de.vu,199-819-2050
Wilton Cayette,,470-833-3016
Veronike Scrane,,
Matt Upchurch,mupchurchnf@cnet.com,827-716-1956
Meridith Dunn,mdunnng@theatlantic.com,710-664-6619
Stesha Lokier,,931-356-0633
Kearney Bustard,kbustardni@seattletimes.com,274-946-4708
Free Escalante,fescalantenj@angelfire.com,640-811-2157
Chere Fay,cfaynk@phoca.cz,
Ramsay Lorinez,rlorineznl@google.co.uk,
Tome Pietasch,,259-392-5631
Massimiliano Preskett,mpreskettnn@163.com,
Lenard Bracchi,,402-219-1845
Jessika Bentinck,,277-900-3735
Bernarr Dargan,bdargannq@tuttocitta.it,421-246-9011
Melinda Lavrinov,mlavrinovnr@chron.com,507-834-9786
Fancie Balstone,,137-460-4259
Tana Alban,talbannt@aboutads.info,298-439-1045
Odell Sellor,osellornu@home.pl,784-737-1469
Klarrisa Norrey,,
Agnes Kantor,akantornw@cbc.ca,354-438-8792
Chadd Coleridge,,
Wesley Jinkin,wjinkinny@cbsnews.com,658-552-3854
Joyce Staker,jstakernz@google.com.br,
Sheilah Roland,,329-102-7402
Coreen Craighill,ccraighillo1@bbc.co.uk,
Eduino Purdon,epurdono2@scientificamerican.com,405-942-2869
Mollee Gerbl,mgerblo3@photobucket.com,
Renaldo Merigeau,rmerigeauo4@a8.net,
Leslie Douberday,ldouberdayo5@irs.gov,
Willi Merredy,wmerredyo6@nasa.gov,
Gran Denis,gdeniso7@meetup.com,403-542-0891
Genevieve Runge,grungeo8@ucsd.edu,651-702-6439
Goldi Venus,gvenuso9@bloglines.com,592-242-9619
Esdras Dennant,,
Lenna Egdal,,726-403-2114
Moe Ruthven,mruthvenoc@bluehost.com,856-323-7831
Hymie Kowalik,hkowalikod@businesswire.com,586-678-6937
Adela Rocca,,
Peterus Leipelt,pleipeltof@technorati.com,
Bibbie Pley,bpleyog@vkontakte.ru,103-870-0668
Winnah Furniss,,311-258-2721
Tildie Pieterick,tpieterickoi@typepad.com,
Quincey Ducker,qduckeroj@mail.ru,376-841-8140
Wake Van der Krui,wvanok@nsw.gov.au,418-471-1629
Catha Suatt,,
Nil Dixson,ndixsonom@engadget.com,372-705-7706
Pattie Penketh,,211-406-2275
Kimball Cosham,kcoshamoo@gmpg.org,443-209-8103
Modesta Beiderbecke,mbeiderbeckeop@narod.ru,
Dennie Wasielewicz,dwasielewiczoq@dyndns.org,632-521-4568
Bernard Foxley,bfoxleyor@usa.gov,766-526-6032
Ruthi Shiell,,
Rhiamon Please,,343-344-0632
Codi Farryn,,253-150-6390
Desmund Donke,ddonkeov@google.es,495-882-6332
Stanley Duesbury,sduesburyow@auda.org.au,
Ardisj Gunn,,231-616-6976
Yuma Sinclair,ysinclairoy@flavors.me,
Carry Falshaw,cfalshawoz@ihg.com,275-957-9654
Shayne Joffe,sjoffep0@arstechnica.com,782-301-9703
Dionysus Liccardi,dliccardip1@bigcartel.com,384-434-8064
Griff McFeate,gmcfeatep2@linkedin.com,
Theresita Scallon,tscallonp3@berkeley.edu,770-515-2541
Melinde Merck,mmerckp4@yandex.ru,210-115-0828
Yvor East,yeastp5@networksolutions.com,
Tally Fenemore,,242-848-2354
Tirrell Risson,trissonp7@privacy.gov.au,
Afton Lowdwell,,231-511-0851
Della MacCartan,,924-594-1091
Nicol Fairlaw,nfairlawpa@wikispaces.com,982-864-9433
Noll Costard,ncostardpb@163.com,
Myrna Waterhous,,152-531-6186
Kimberlyn Caraher,kcaraherpd@china.com.cn,242-719-6934
Wilburt Banbrick,wbanbrickpe@360.cn,978-889-4457
Faustine Doche,fdochepf@prweb.com,693-475-4720
Audy Topper,,803-421-9918
Bron Culshaw,,134-408-3758
Georgianne Woodwing,,521-926-4192
Alena Dicker,adickerpj@utexas.edu,825-417-1373
Lettie Jardein,,623-523-2567
Roland Laverack,rlaverackpl@home.pl,777-155-5562
Hamil Sporgeon,hsporgeonpm@opensource.org,161-228-6483
Fredrick Menico,fmenicopn@ted.com,853-762-5719
Dorri Mitchelmore,dmitchelmorepo@umich.edu,725-647-9117
Cynde Guillain,cguillainpp@dyndns.org,
Angeli Quarrell,aquarrellpq@example.com,438-935-5367
Caro Shrive,cshrivepr@printfriendly.com,938-313-3264
Steven Trime,,286-468-7801
Goldy todor,gtodorpt@php.net,398-492-0690
Aleece Keary,akearypu@purevolume.com,889-962-5349
Deva Dignall,,671-794-4633
Matilda Paolino,mpaolinopw@wired.com,514-164-9688
Justin Ference,jferencepx@yelp.com,
Shandeigh Wyldes,swyldespy@wix.com,488-140-8303
Giulio Armsden,garmsdenpz@sitemeter.com,
Siegfried Videan,svideanq0@arstechnica.com,606-877-4808
Jacinda Garlett,jgarlettq1@digg.com,878-407-3417
Wiatt Abercromby,wabercrombyq2@mac.com,480-214-8204
Genia Hruska,ghruskaq3@tamu.edu,384-683-0872
Gunilla Huegett,,
Merl Piddlehinton,mpiddlehintonq5@dion.ne.jp,
Martha Lodin,,742-681-5692
Adah Kinney,,212-233-3724
Jud Squibb,,944-896-6990
Jacques Mousby,jmousbyq9@hatena.ne.jp,434-996-0613
Gabbey Powys,gpowysqa@chicagotribune.com,244-899-3752
Osgood Brasseur,,
Arnie Sijmons,asijmonsqc@apache.org,939-715-9326
Jackelyn Sans,,
Annemarie Derby,,
Emalia McLagain,emclagainqf@xing.com,
Abram Sermin,aserminqg@msn.com,
Mead Mariaud,mmariaudqh@youtube.com,240-957-1836
Phoebe Pykett,,781-296-5523
Fleming Gimson,fgimsonqj@fda.gov,255-445-4448
Zebulen Everal,zeveralqk@washingtonpost.com,
Maxim Ledgley,mledgleyql@google.cn,113-206-4919
Donni Gonnelly,dgonnellyqm@gov.uk,714-661-8023
Franky Ferrino,fferrinoqn@devhub.com,679-109-8891
Mata Griniov,mgriniovqo@nih.gov,996-428-3723
Abagail Ebbin,aebbinqp@friendfeed.com,641-728-4221
Michal Pamment,mpammentqq@weather.com,573-937-0463
Camille McKendry,cmckendryqr@admin.ch,
Norrie Trevear,ntrevearqs@mtv.com,143-480-0595
Nico Elintune,,
Brant Exter,bexterqu@bloomberg.com,596-993-4419
Winn Mollin,wmollinqv@imgur.com,414-741-3115
Ollie Noulton,onoultonqw@skype.com,671-360-7152
Corabelle Clifford,,534-371-7853
Dede Hurich,,
Lennie Belchamber,,
Birgit Waltho,bwalthor0@nhs.uk,666-221-7513
Rey Clissell,rclissellr1@marriott.com,160-331-5684
Emerson Frean,,776-148-8725
Sofia Crowe,scrower3@mapquest.com,348-955-1872
Madel Caffin,mcaffinr4@mozilla.com,626-464-0148
Kacy Scherme,kschermer5@dyndns.org,980-360-1412
Ag Dominici,adominicir6@skype.com,774-559-1489
Hyacinthia Harling,,
Clare Pullen,cpullenr8@barnesandnoble.com,604-207-8889
Pippa Keeves,pkeevesr9@aol.com,883-762-3013
Bradley Edgar,,714-185-5267
Halsey Jeppensen,hjeppensenrb@fema.gov,451-608-6806
Addison Bridgett,abridgettrc@spotify.com,747-439-4945
Liuka Ickeringill,lickeringillrd@moonfruit.com,551-328-7557
Dulciana Groundwator,dgroundwatorre@columbia.edu,941-531-2890
Taber Wellfare,,406-197-7496
Kaitlynn Swaffer,kswafferrg@ed.gov,673-830-3767
Marris Lathwell,,
Reynolds Cardo,rcardori@devhub.com,
Aigneis Durber,,497-483-0539
Meggy Frow,,729-810-1881
Ewen Bouzek,ebouzekrl@facebook.com,
Perkin Leinweber,pleinweberrm@home.pl,693-858-3344
Irv Sliney,islineyrn@dmoz.org,762-773-1108
Gray Drage,gdragero@cyberchimps.com,329-468-3483
Ryon Base,rbaserp@deviantart.com,448-901-5859
Walther Kitchingham,wkitchinghamrq@aboutads.info,543-397-1416
Marne Fortesquieu,mfortesquieurr@elpais.com,908-952-7029
